Number	Emition	Expiration	Client's code	 Cost	Earning	Subtotal	Subtotal Services	Subtotal Products	Discount	VAT	IEPS	Total	Payments	.N.C.	Pending	Saler	Request	Branch	Warehouse	Product/Concept	Original Coin	VAT	Currency	Amount	Type	Status	T.C.
      1935	2023-06-01	2023-07-01	1011	 269,000.00	65,400.00	334,400.00	0.00	334,400.00	0.00	53,504.00	0.00	387,904.00	387,904.00	0.00	0.00	45101	1036	Matrix	LOCAL WAREHOUSE	LLDPE	20,416.00	53,504.00	USD	20,000.00	Bill	Paid	19.00
      1936	2023-06-02	2023-07-02	1016	 368,600.00	87,400.00	456,000.00	0.00	456,000.00	0.00	72,960.00	0.00	528,960.00	528,960.00	0.00	0.00	45102	1038	Matrix	LOCAL WAREHOUSE	LDPE	27,840.00	72,960.00	USD	20,000.00	Bill	Paid	19.00
      1937	2023-06-03	2023-07-03	1003	 441,790.50	-77,940.50	363,850.00	0.00	363,850.00	0.00	58,216.00	0.00	422,066.00	422,066.00	0.00	0.00	45102	1039	Matrix	LOCAL WAREHOUSE	HDPE	422,066.00	58,216.00	MXN	19,150.00	Bill	Paid	1.00
      1938	2023-06-05	2023-06-05	1006	 279,240.00	80,145.00	359,385.00	0.00	359,385.00	0.00	57,501.60	0.00	416,886.60	416,886.60	0.00	0.00	45102	1040	Matrix	LOCAL WAREHOUSE	PP RAFFIA	21,941.40	57,501.60	USD	19,500.00	Bill	Paid	19.00
      1939	2023-06-05	2023-07-05	1015	 463,600.00	38,000.00	501,600.00	0.00	501,600.00	0.00	80,256.00	0.00	581,856.00	581,856.01	0.00	-0.01	45102	1030	Matrix	LOCAL WAREHOUSE	PET	30,624.00	80,256.00	USD	20,000.00	Bill	Paid	19.00
      1940	2023-06-07	2023-07-07	1002	 268,000.00	66,400.00	334,400.00	0.00	334,400.00	0.00	53,504.00	0.00	387,904.00	387,904.00	0.00	0.00	45101	1036	Matrix	LOCAL WAREHOUSE	LLDPE	20,416.00	53,504.00	USD	20,000.00	Bill	Paid	19.00
      1941	2023-06-08	2023-07-08	1033	 194,010.00	48,430.00	242,440.00	0.00	242,440.00	0.00	38,790.40	0.00	281,230.40	281,230.41	0.00	-0.01	45101	1036	Matrix	LOCAL WAREHOUSE	LLDPE	14,801.60	38,790.40	USD	14,500.00	Bill	Paid	19.00
      1942	2023-06-12	2023-07-12	1005	 335,800.00	80,200.00	416,000.00	0.00	416,000.00	0.00	66,560.00	0.00	482,560.00	482,560.00	0.00	0.00	45102	1039	Matrix	LOCAL WAREHOUSE	LLDPE	482,560.00	66,560.00	MXN	20,000.00	Bill	Paid	1.00
      1943	2023-06-12	2023-07-12	1012	 429,000.00	65,000.00	494,000.00	0.00	494,000.00	0.00	79,040.00	0.00	573,040.00	573,040.00	0.00	0.00	45101	1043	Matrix	LOCAL WAREHOUSE	LLDPE	30,160.00	79,040.00	USD	20,000.00	Bill	Paid	19.00
      1944	2023-06-12	2023-07-12	1021	 267,400.00	67,000.00	334,400.00	0.00	334,400.00	0.00	53,504.00	0.00	387,904.00	387,904.00	0.00	0.00	45101	1036	Store	LOCAL WAREHOUSE	LDPE	20,416.00	53,504.00	USD	20,000.00	Bill	Paid	19.00
      1945	2023-06-12	2023-07-12	1027	 267,400.00	67,000.00	334,400.00	0.00	334,400.00	0.00	53,504.00	0.00	387,904.00	387,904.00	0.00	0.00	45101	1036	Store	LOCAL WAREHOUSE	HDPE	20,416.00	53,504.00	USD	20,000.00	Bill	Paid	19.00
      1946	2023-06-12	2023-06-12	1010	 277,725.00	37,485.00	315,210.00	0.00	315,210.00	0.00	50,433.60	0.00	365,643.60	365,643.60	0.00	0.00	45102		Store	NATIONAL WAREHOUSE	HDPEHMW 	19,244.40	50,433.60	USD	10,500.00	Bill	Paid	19.00
      1947	2023-06-13	2023-09-11	1010	 504,240.00	122,760.00	627,000.00	0.00	627,000.00	0.00	100,320.00	0.00	727,320.00	727,320.00	0.00	0.00	45101	1048	Store	NATIONAL WAREHOUSE	LDPE	727,320.00	100,320.00	MXN	22,000.00	Bill	Paid	1.00
      1948	2023-06-14	2023-06-14	1035	 297,856.00	69,680.00	367,536.00	0.00	367,536.00	0.00	58,805.76	0.00	426,341.76	426,341.76	0.00	0.00	45102	1040	Store	LOCAL WAREHOUSE	LDPE	22,439.04	58,805.76	USD	20,800.00	Bill	Paid	19.00
      1949	2023-06-15	2023-07-15	1002	 449,865.00	-79,365.00	370,500.00	0.00	370,500.00	0.00	59,280.00	0.00	429,780.00	424,270.00	5,510.00	0.00	45102	1039	Store	LOCAL WAREHOUSE	PVC	429,780.00	59,280.00	MXN	19,500.00	Bill	Paid	1.00
      1950	2023-06-15	2023-07-15	1015	 267,400.00	67,000.00	334,400.00	0.00	334,400.00	0.00	53,504.00	0.00	387,904.00	387,904.00	0.00	0.00	45101	1036	Store	LOCAL WAREHOUSE	PVC	20,416.00	53,504.00	USD	20,000.00	Bill	Paid	19.00
      1951	2023-06-15	2023-07-15	1005	 120,330.00	29,295.00	149,625.00	0.00	149,625.00	0.00	23,940.00	0.00	173,565.00	173,565.00	0.00	0.00	45101		Store	NATIONAL WAREHOUSE	HDPE	173,565.00	23,940.00	MXN	5,250.00	Bill	Paid	1.00
      1053	2023-06-19	2023-07-19	1002	 0.00	0.00	0.00	0.00	0.00	0.00	0.00	0.00	0.00	0.00	0.00	0.00	45102	1049	Store	NATIONAL WAREHOUSE	LLDPE	0.00	0.00	USD	3,500.00	Remission	Cancelled	19.00
      1952	2023-06-19	2023-07-19	1002	 429,000.00	65,000.00	494,000.00	0.00	494,000.00	0.00	79,040.00	0.00	573,040.00	573,040.00	0.00	0.00	45101	1043	Store	LOCAL WAREHOUSE	LDPE	30,160.00	79,040.00	USD	20,000.00	Bill	Paid	19.00
      1953	2023-06-19	2023-07-19	1004	 267,400.00	67,000.00	334,400.00	0.00	334,400.00	0.00	53,504.00	0.00	387,904.00	387,904.00	0.00	0.00	45101	1036	Store	LOCAL WAREHOUSE	HDPE	20,416.00	53,504.00	USD	20,000.00	Bill	Paid	19.00
      1954	2023-06-19	2023-07-19	1060	 267,400.00	67,000.00	334,400.00	0.00	334,400.00	0.00	53,504.00	0.00	387,904.00	387,904.00	0.00	0.00	45101	1036	Store	LOCAL WAREHOUSE	PP RAFFIA	20,416.00	53,504.00	USD	20,000.00	Bill	Paid	19.00
      1955	2023-06-20	2023-07-20	1021	 463,600.00	19,000.00	482,600.00	0.00	482,600.00	0.00	77,216.00	0.00	559,816.00	0.00	0.00	559,816.00	45102	1030	Store	LOCAL WAREHOUSE	PET	29,464.00	77,216.00	USD	20,000.00	Bill	Active	19.00
      1956	2023-06-20	2023-07-20	1030	 444,097.50	-78,347.50	365,750.00	0.00	365,750.00	0.00	58,520.00	0.00	424,270.00	424,270.00	0.00	0.00	45102	1039	Store	LOCAL WAREHOUSE	LLDPE	424,270.00	58,520.00	MXN	19,250.00	Bill	Paid	1.00
      1957	2023-06-20	2023-07-20	1012	 267,400.00	49,400.00	316,800.00	0.00	316,800.00	0.00	50,688.00	0.00	367,488.00	367,488.00	0.00	0.00	45101	1036	Store	LOCAL WAREHOUSE	LLDPE	20,416.00	50,688.00	USD	20,000.00	Bill	Paid	18.00
      1958	2023-06-20	2023-06-20	1060	 18,200.00	4,771.00	22,971.00	0.00	22,971.00	0.00	3,675.36	0.00	26,646.36	26,646.36	0.00	0.00	45102	1040	Store	LOCAL WAREHOUSE	LLDPE	1,402.44	3,675.36	USD	1,300.00	Bill	Paid	19.00
      1959	2023-06-22	2023-07-07	1002	 251,940.00	92,625.00	344,565.00	0.00	344,565.00	0.00	55,130.40	0.00	399,695.40	399,695.40	0.00	0.00	45101	1050	Store	LOCAL WAREHOUSE	LLDPE	21,036.60	55,130.40	USD	19,500.00	Bill	Paid	19.00
      1960	2023-06-24	2023-07-24	1060	 478,800.00	34,200.00	513,000.00	0.00	513,000.00	0.00	82,080.00	0.00	595,080.00	595,080.00	0.00	0.00	45101	1051	Store	LOCAL WAREHOUSE	LDPE	31,320.00	82,080.00	USD	20,000.00	Bill	Paid	19.00
      1961	2023-06-24	2023-07-24	1027	 262,400.00	72,000.00	334,400.00	0.00	334,400.00	0.00	53,504.00	0.00	387,904.00	387,904.00	0.00	0.00	45101	1036	Store	LOCAL WAREHOUSE	HDPE	20,416.00	53,504.00	USD	20,000.00	Bill	Paid	19.00
      1962	2023-06-26	2023-07-26	1002	 354,600.00	61,400.00	416,000.00	0.00	416,000.00	0.00	66,560.00	0.00	482,560.00	482,560.00	0.00	0.00	45102	1039	Store	LOCAL WAREHOUSE	HDPEHMW 	482,560.00	66,560.00	MXN	20,000.00	Bill	Paid	1.00
      1963	2023-06-26	2023-07-26	1002	 429,000.00	65,000.00	494,000.00	0.00	494,000.00	0.00	79,040.00	0.00	573,040.00	573,040.00	0.00	0.00	45101	1043	Store	LOCAL WAREHOUSE	LDPE	30,160.00	79,040.00	USD	20,000.00	Bill	Paid	19.00
      1964	2023-06-27	2023-07-27	1060	 6,560.00	1,800.00	8,360.00	0.00	8,360.00	0.00	1,337.60	0.00	9,697.60	9,697.60	0.00	0.00	45101	1036	Store	LOCAL WAREHOUSE	LDPE	510.40	1,337.60	USD	500.00	Bill	Paid	19.00
      1965	2023-06-28	2023-07-28	1030	 344,600.00	51,400.00	396,000.00	0.00	396,000.00	0.00	63,360.00	0.00	459,360.00	459,360.00	0.00	0.00	45102	1055	Store	LOCAL WAREHOUSE	LLDPE	25,520.00	63,360.00	USD	20,000.00	Bill	Paid	18.00
      1966	2023-06-28	2023-07-28	1030	 463,600.00	11,400.00	475,000.00	0.00	475,000.00	0.00	76,000.00	0.00	551,000.00	551,000.00	0.00	0.00	45102	1054	Store	LOCAL WAREHOUSE	LDPE	29,000.00	76,000.00	USD	20,000.00	Bill	Paid	19.00
      1967	2023-06-28	2023-07-28	1021	 444,097.50	-78,347.50	365,750.00	0.00	365,750.00	0.00	58,520.00	0.00	424,270.00	424,270.00	0.00	0.00	45102	1053	Matrix	LOCAL WAREHOUSE	HDPE	424,270.00	58,520.00	MXN	19,250.00	Bill	Paid	1.00
      1968	2023-06-29	2023-07-14	1030	 0.00	0.00	0.00	0.00	0.00	0.00	0.00	0.00	0.00	0.00	0.00	0.00	45101		Matrix	LOCAL WAREHOUSE	PP RAFFIA	0.00	0.00	USD	20,000.00	Bill	Cancelled	19.00
      1969	2023-06-29	2023-07-29	1030	 337,000.00	103,800.00	440,800.00	0.00	440,800.00	0.00	70,528.00	0.00	511,328.00	511,328.00	0.00	0.00	45102	1056	Matrix	LOCAL WAREHOUSE	PET	26,912.00	70,528.00	USD	20,000.00	Bill	Paid	19.00
      1970	2023-06-30	2023-07-15	1018	 337,000.00	38,584.00	375,584.00	0.00	375,584.00	0.00	60,093.44	0.00	435,677.44	435,677.44	0.00	0.00	45101		Matrix	LOCAL WAREHOUSE	LLDPE	25,520.00	60,093.44	USD	20,000.00	Bill	Paid	17.07
      1971	2023-07-05	2023-08-04	1030	 444,097.50	-107,222.50	336,875.00	0.00	336,875.00	0.00	53,900.00	0.00	390,775.00	390,775.00	0.00	0.00	45102	1058	Matrix	LOCAL WAREHOUSE	LLDPE	390,775.00	53,900.00	MXN	19,250.00	Bill	Paid	1.00
      1972	2023-07-06	2023-07-06	1004	 244,140.00	54,666.30	298,806.30	0.00	298,806.30	0.00	47,809.01	0.00	346,615.31	346,615.31	0.00	0.00	45102	1052	Matrix	LOCAL WAREHOUSE	LLDPE	20,358.00	47,809.01	USD	19,500.00	Bill	Paid	17.03
      1973	2023-07-07	2023-07-22	1060	 168,905.00	25,153.15	194,058.15	0.00	194,058.15	0.00	31,049.30	0.00	225,107.45	225,107.46	0.00	0.00	45101	1059	Matrix	LOCAL WAREHOUSE	LLDPE	13,238.50	31,049.30	USD	10,375.00	Bill	Paid	17.00
      1974	2023-07-08	2023-08-07	1011	 341,400.00	107,945.00	449,345.00	0.00	449,345.00	0.00	71,895.20	0.00	521,240.20	521,240.20	0.00	0.00	45101		Matrix	LOCAL WAREHOUSE	LDPE	30,160.00	71,895.20	USD	20,000.00	Bill	Paid	17.28
      1975	2023-07-10	2023-08-09	1021	 351,400.00	80,662.50	432,062.50	0.00	432,062.50	0.00	69,130.00	0.00	501,192.50	501,192.50	0.00	0.00	45101	1044	Matrix	LOCAL WAREHOUSE	HDPE	29,000.00	69,130.00	USD	20,000.00	Bill	Paid	17.28
      1976	2023-07-10	2023-08-09	1002	 463,600.00	-24,624.50	438,975.50	0.00	438,975.50	0.00	70,236.08	0.00	509,211.58	0.00	0.00	509,211.58	45102	1030	Matrix	LOCAL WAREHOUSE	HDPEHMW 	29,464.00	70,236.08	USD	20,000.00	Bill	Active	17.28
      1977	2023-07-10	2023-08-09	1019	 320,200.00	70,384.50	390,584.50	0.00	390,584.50	0.00	62,493.52	0.00	453,078.02	453,078.02	0.00	0.00	45102	1061	Matrix	LOCAL WAREHOUSE	LDPE	26,216.00	62,493.52	USD	20,000.00	Bill	Paid	17.28
      1978	2023-07-12	2023-07-12	1010	 137,686.50	31,725.00	169,411.50	0.00	169,411.50	0.00	27,105.84	0.00	196,517.34	196,517.34	0.00	0.00	45101	1062	Matrix	NATIONAL WAREHOUSE	LDPE	10,917.63	27,105.84	USD	10,575.00	Bill	Paid	18.00
      1979	2023-07-13	2023-08-12	1004	 223,107.50	-34,072.07	189,035.43	0.00	189,035.43	0.00	30,245.67	0.00	219,281.10	219,281.11	0.00	0.00	45102	1063	Matrix	LOCAL WAREHOUSE	PVC	12,839.75	30,245.67	USD	9,625.00	Bill	Paid	17.08
      1980	2023-07-13	2023-08-12	1011	 351,400.00	75,557.50	426,957.50	0.00	426,957.50	0.00	68,313.20	0.00	495,270.70	495,270.70	0.00	0.00	45101	1044	Matrix	LOCAL WAREHOUSE	PVC	29,000.00	68,313.20	USD	20,000.00	Bill	Paid	17.08
      1981	2023-07-14	2023-07-14	1060	 61,006.00	10,105.00	71,111.00	0.00	71,111.00	0.00	11,377.76	0.00	82,488.76	82,488.76	0.00	0.00	45101	1065	Matrix	LOCAL WAREHOUSE	HDPE	4,852.28	11,377.76	USD	4,700.00	Bill	Paid	17.00
      1982	2023-07-19	2023-08-18	1027	 444,097.50	-107,222.50	336,875.00	0.00	336,875.00	0.00	53,900.00	0.00	390,775.00	390,775.00	0.00	0.00	45101	1058	Matrix	LOCAL WAREHOUSE	LLDPE	390,775.00	53,900.00	MXN	19,250.00	Bill	Paid	1.00
      1983	2023-07-20	2023-08-19	1002	 324,940.00	42,594.86	367,534.86	0.00	367,534.86	0.00	58,805.58	0.00	426,340.44	426,340.44	0.00	0.00	45101	1041	Matrix	LOCAL WAREHOUSE	LDPE	25,456.20	58,805.58	USD	19,250.00	Bill	Paid	16.75
      1984	2023-07-20	2023-08-19	1018	 351,400.00	40,503.20	391,903.20	0.00	391,903.20	0.00	62,704.51	0.00	454,607.71	454,607.71	0.00	0.00	45101	1044	Matrix	LOCAL WAREHOUSE	HDPE	27,144.00	62,704.51	USD	20,000.00	Bill	Paid	16.75
      1985	2023-07-21	2023-08-20	1002	 461,400.00	-111,400.00	350,000.00	0.00	350,000.00	0.00	56,000.00	0.00	406,000.00	406,000.00	0.00	0.00	45101	1058	Matrix	LOCAL WAREHOUSE	PP RAFFIA	406,000.00	56,000.00	MXN	20,000.00	Bill	Paid	1.00
      1986	2023-07-21	2023-08-20	1002	 324,940.00	31,185.00	356,125.00	0.00	356,125.00	0.00	56,980.00	0.00	413,105.00	413,105.00	0.00	0.00	45101	1066	Matrix	LOCAL WAREHOUSE	LLDPE	413,105.00	56,980.00	MXN	19,250.00	Bill	Paid	1.00
      1987	2023-07-25	2023-08-24	1002	 351,400.00	46,400.00	397,800.00	0.00	397,800.00	0.00	63,648.00	0.00	461,448.00	461,448.00	0.00	0.00	45101	1044	Matrix	LOCAL WAREHOUSE	HDPEHMW 	27,144.00	63,648.00	USD	20,000.00	Bill	Paid	17.00
      1988	2023-07-27	2023-08-26	1012	 461,400.00	-111,400.00	350,000.00	0.00	350,000.00	0.00	56,000.00	0.00	406,000.00	406,000.00	0.00	0.00	45102	1058	Matrix	LOCAL WAREHOUSE	LDPE	406,000.00	56,000.00	MXN	20,000.00	Bill	Paid	1.00
      1989	2023-07-29	2023-08-28	1012	 354,000.00	98,200.00	452,200.00	0.00	452,200.00	0.00	72,352.00	0.00	524,552.00	524,552.00	0.00	0.00	45101	1067	Matrix	LOCAL WAREHOUSE	LDPE	30,856.00	72,352.00	USD	20,000.00	Bill	Paid	17.00
      1990	2023-08-03	2023-09-02	1012	 25,069.00	5,731.00	30,800.00	0.00	30,800.00	0.00	4,928.00	0.00	35,728.00	35,728.00	0.00	0.00	45101		Matrix	LOCAL WAREHOUSE	PVC	35,728.00	4,928.00	MXN	1,100.00	Bill	Paid	1.00
      1991	2023-08-03	2023-09-02	1023	 478,800.00	-40,614.20	438,185.80	0.00	438,185.80	0.00	70,109.73	0.00	508,295.53	508,295.53	0.00	0.00	45101	1068	Store	LOCAL WAREHOUSE	LDPE	30,160.00	70,109.73	USD	20,000.00	Bill	Paid	16.85
      1992	2023-08-04	2023-09-03	1060	 365,000.00	77,501.80	442,501.80	0.00	442,501.80	0.00	70,800.29	0.00	513,302.09	513,302.09	0.00	0.00	45101	1069	Matrix	LOCAL WAREHOUSE	LLDPE	30,160.00	70,800.29	USD	20,000.00	Bill	Paid	17.02
      1993	2023-08-07	2023-09-06	1024	 465,652.00	119,548.00	585,200.00	0.00	585,200.00	0.00	93,632.00	0.00	678,832.00	678,832.00	0.00	0.00	45101	1070	Store	LOCAL WAREHOUSE	LDPE	678,832.00	93,632.00	MXN	20,900.00	Bill	Paid	1.00
      1994	2023-08-09	2023-08-24	1021	 257,800.00	69,767.36	327,567.36	0.00	327,567.36	0.00	52,410.78	0.00	379,978.14	379,978.14	0.00	0.00	45101	1071	Matrix	LOCAL WAREHOUSE	HDPE	22,272.00	52,410.78	USD	20,000.00	Bill	Paid	17.06
      1995	2023-08-10	2023-09-09	1027	 444,097.50	-97,597.50	346,500.00	0.00	346,500.00	0.00	55,440.00	0.00	401,940.00	401,940.00	0.00	0.00	45102	1073	Matrix	LOCAL WAREHOUSE	PP RAFFIA	401,940.00	55,440.00	MXN	19,250.00	Bill	Paid	1.00
      1996	2023-08-10	2023-09-09	1004	 322,822.50	33,302.50	356,125.00	0.00	356,125.00	0.00	56,980.00	0.00	413,105.00	413,105.00	0.00	0.00	45102	1072	Matrix	LOCAL WAREHOUSE	PET	413,105.00	56,980.00	MXN	19,250.00	Bill	Paid	1.00
      1997	2023-08-15	2023-08-15	1018	 0.00	0.00	0.00	0.00	0.00	0.00	0.00	0.00	0.00	0.00	0.00	0.00	45102	1074	Store	LOCAL WAREHOUSE	LLDPE	0.00	0.00	USD	19,835.00	Bill	Cancelled	17.00
      1998	2023-08-15	2023-08-15	1042	 0.00	0.00	0.00	0.00	0.00	0.00	0.00	0.00	0.00	0.00	0.00	0.00	45101	1074	Matrix	LOCAL WAREHOUSE	LLDPE	0.00	0.00	USD	19,835.00	Bill	Cancelled	17.00
      1999	2023-08-17	2023-08-17	1004	 251,222.40	64,109.05	315,331.45	0.00	315,331.45	0.00	50,453.03	0.00	365,784.48	365,784.48	8,432.53	-8,432.53	45102	1074	Matrix	LOCAL WAREHOUSE	LLDPE	21,511.04	50,453.03	USD	19,520.00	Bill	Paid	17.00
      2000	2023-08-17	2023-09-16	1060	 485,170.00	-134,877.30	350,292.70	0.00	350,292.70	0.00	56,046.83	0.00	406,339.53	406,339.53	0.00	0.00	45101	1078	Matrix	LOCAL WAREHOUSE	LDPE	23,896.00	56,046.83	USD	20,000.00	Bill	Paid	17.00
      2001	2023-08-17	2023-09-16	1042	 158,716.25	21,318.89	180,035.14	0.00	180,035.14	0.00	28,805.62	0.00	208,840.77	208,840.77	0.00	0.00	45102	1076	Matrix	LOCAL WAREHOUSE	HDPE	12,281.50	28,805.62	USD	9,625.00	Bill	Paid	17.00
      2002	2023-08-17	2023-09-01	1011	 158,716.25	21,318.89	180,035.14	0.00	180,035.14	0.00	28,805.62	0.00	208,840.77	208,840.77	0.00	0.00	45101	1077	Matrix	LOCAL WAREHOUSE	HDPEHMW 	12,281.50	28,805.62	USD	9,625.00	Bill	Paid	17.00
      2003	2023-08-17	2023-09-16	1011	 444,097.50	-97,597.50	346,500.00	0.00	346,500.00	0.00	55,440.00	0.00	401,940.00	401,940.00	0.00	0.00	45102	1073	Store	LOCAL WAREHOUSE	LDPE	401,940.00	55,440.00	MXN	19,250.00	Bill	Paid	1.00
      2004	2023-08-19	2023-09-18	1003	 354,000.00	98,319.70	452,319.70	0.00	452,319.70	0.00	72,371.15	0.00	524,690.85	507,686.35	17,004.52	-0.02	45101	1079	Matrix	LOCAL WAREHOUSE	LDPE	30,856.00	72,371.15	USD	20,000.00	Bill	Paid	17.00
      2005	2023-08-21	2023-10-05	1010	 471,460.00	119,616.42	591,076.42	0.00	591,076.42	0.00	94,572.23	0.00	685,648.65	685,648.65	0.00	0.00	45102	1080	Matrix	LOCAL WAREHOUSE	LDPE	40,321.60	94,572.23	USD	22,000.00	Bill	Paid	17.00
      2006	2023-08-22	2023-09-21	1060	 485,170.00	-133,987.38	351,182.62	0.00	351,182.62	0.00	56,189.22	0.00	407,371.84	6,195.43	49,908.96	351,267.45	45101	1081	Matrix	LOCAL WAREHOUSE	PVC	23,896.00	56,189.22	USD	20,000.00	Bill	Paid	17.05
      2007	2023-08-24	2023-08-24	1015	 157,815.00	11,760.00	169,575.00	0.00	169,575.00	0.00	27,132.00	0.00	196,707.00	196,707.00	0.00	0.00	45102	1082	Matrix	NATIONAL WAREHOUSE	LDPE	11,571.00	27,132.00	USD	3,500.00	Bill	Paid	17.00
      2008	2023-08-24	2023-09-23	1027	 318,316.60	36,422.40	354,739.00	0.00	354,739.00	0.00	56,758.24	0.00	411,497.24	411,497.24	0.00	0.00	45102	1083	Store	LOCAL WAREHOUSE	LLDPE	24,205.72	56,758.24	USD	18,970.00	Bill	Paid	17.00
      2009	2023-08-24	2023-09-23	1023	 444,097.50	-97,597.50	346,500.00	0.00	346,500.00	0.00	55,440.00	0.00	401,940.00	401,940.00	0.00	0.00	45102	1073	Matrix	LOCAL WAREHOUSE	LDPE	401,940.00	55,440.00	MXN	19,250.00	Bill	Paid	1.00
      2010	2023-08-28	2023-09-27	1060	 463,600.00	-62,400.00	401,200.00	0.00	401,200.00	0.00	64,192.00	0.00	465,392.00	465,392.00	0.00	0.00	45102	1084	Matrix	LOCAL WAREHOUSE	HDPE	27,376.00	64,192.00	USD	20,000.00	Bill	Paid	17.00
      2011	2023-08-29	2023-09-28	1021	 444,097.50	-97,597.50	346,500.00	0.00	346,500.00	0.00	55,440.00	0.00	401,940.00	401,940.00	0.00	0.00	45102	1073	Matrix	LOCAL WAREHOUSE	PP RAFFIA	401,940.00	55,440.00	MXN	19,250.00	Bill	Paid	1.00
      2012	2023-08-29	2023-08-29	1027	 253,671.60	64,402.65	318,074.25	0.00	318,074.25	0.00	50,891.88	0.00	368,966.13	368,966.13	40,252.46	-40,252.47	45102	1085	Matrix	LOCAL WAREHOUSE	PET	21,703.89	50,891.88	USD	19,695.00	Bill	Paid	17.00
      2013	2023-08-30	2023-09-29	1060	 332,000.00	53,093.60	385,093.60	0.00	385,093.60	0.00	61,614.98	0.00	446,708.58	446,708.58	0.00	0.00	45101	1086	Matrix	LOCAL WAREHOUSE	LLDPE	26,680.00	61,614.98	USD	20,000.00	Bill	Paid	16.74
      2014	2023-09-01	2023-09-01	1021	 90,090.00	27,720.00	117,810.00	0.00	117,810.00	0.00	18,849.60	0.00	136,659.60	136,659.60	0.00	0.00	45101		Matrix	LOCAL WAREHOUSE	LLDPE	8,038.80	18,849.60	USD	7,000.00	Bill	Paid	17.00
      2015	2023-09-04	2023-10-19	1003	 467,940.00	120,094.92	588,034.92	0.00	588,034.92	0.00	94,085.59	0.00	682,120.51	682,120.51	0.00	0.00	45102	1087	Matrix	LOCAL WAREHOUSE	LLDPE	40,321.60	94,085.59	USD	22,000.00	Bill	Paid	16.92
      2016	2023-09-05	2023-09-05	1011	 51,440.00	16,320.75	67,760.75	0.00	67,760.75	0.00	10,841.72	0.00	78,602.47	78,602.47	0.00	0.00	45101	1088	Matrix	NATIONAL WAREHOUSE	LDPE	4,593.60	10,841.72	USD	4,000.00	Bill	Paid	17.11
      2017	2023-09-06	2023-09-06	1012	 14,367.78	7,178.22	21,546.00	0.00	21,546.00	0.00	3,447.36	0.00	24,993.36	24,993.36	0.00	0.00	45102	1089	Matrix	LOCAL WAREHOUSE	LDPE	24,993.36	3,447.36	MXN	1,134.00	Bill	Paid	1.00
      2018	2023-09-07	2023-10-07	1060	 332,000.00	67,031.60	399,031.60	0.00	399,031.60	0.00	63,845.06	0.00	462,876.66	462,876.66	0.00	0.00	45101	1086	Matrix	LOCAL WAREHOUSE	LLDPE	26,680.00	63,845.06	USD	20,000.00	Bill	Paid	17.35
      2019	2023-09-07	2023-09-07	1011	 275,455.25	71,095.02	346,550.27	0.00	346,550.27	0.00	55,448.04	0.00	401,998.31	401,998.31	0.00	0.00	45102	1090	Matrix	LOCAL WAREHOUSE	LDPE	23,171.00	55,448.04	USD	19,975.00	Bill	Paid	17.35
      2020	2023-09-08	2023-09-08	1003	 70,675.00	25,050.82	95,725.82	0.00	95,725.82	0.00	15,316.13	0.00	111,041.95	111,041.96	0.00	0.00	45101	1091	Store	NATIONAL WAREHOUSE	HDPE	6,316.20	15,316.13	USD	5,500.00	Bill	Paid	17.58
      2021	2023-09-11	2023-09-11	1002	 60,027.00	21,218.69	81,245.69	0.00	81,245.69	0.00	12,999.31	0.00	94,245.00	94,245.00	0.00	0.00	45101	1093	Store	NATIONAL WAREHOUSE	PP RAFFIA	5,368.77	12,999.31	USD	4,675.00	Bill	Paid	17.55
      2022	2023-09-12	2023-10-12	1002	 322,800.00	63,887.40	386,687.40	0.00	386,687.40	0.00	61,869.98	0.00	448,557.38	448,557.39	0.00	0.00	45102	1094	Store	LOCAL WAREHOUSE	PET	25,520.00	61,869.98	USD	20,000.00	Bill	Paid	17.58
      2023	2023-09-12	2023-10-12	1002	 463,600.00	-48,789.88	414,810.12	0.00	414,810.12	0.00	66,369.62	0.00	481,179.74	481,179.74	0.00	0.00	45102	1095	Store	LOCAL WAREHOUSE	LLDPE	27,376.00	66,369.62	USD	20,000.00	Bill	Paid	17.58
      2024	2023-09-12	2023-10-12	1002	 444,097.50	-97,597.50	346,500.00	0.00	346,500.00	0.00	55,440.00	0.00	401,940.00	401,940.00	0.00	0.00	45102	1092	Store	LOCAL WAREHOUSE	LLDPE	401,940.00	55,440.00	MXN	19,250.00	Bill	Paid	1.00
      2025	2023-09-14	2023-09-29	1002	 421,758.28	-112,757.62	309,000.67	0.00	309,000.67	0.00	49,440.11	0.00	358,440.77	358,440.72	0.00	0.05	45102	1096	Store	LOCAL WAREHOUSE	LDPE	20,772.79	49,440.11	USD	17,386.00	Bill	Paid	17.26
      2026	2023-09-14	2023-09-14	1002	 45,225.75	14,990.93	60,216.68	0.00	60,216.68	0.00	9,634.67	0.00	69,851.35	69,851.35	0.00	0.00	45101	1097	Matrix	NATIONAL WAREHOUSE	HDPEHMW 	4,048.11	9,634.67	USD	3,525.00	Bill	Paid	17.26
      2027	2023-09-18	2023-10-18	1002	 274,600.00	43,538.12	318,138.12	0.00	318,138.12	0.00	50,902.10	0.00	369,040.22	369,040.22	0.00	0.00	45101	1098	Matrix	LOCAL WAREHOUSE	LDPE	21,576.00	50,902.10	USD	20,000.00	Bill	Paid	17.10
      2028	2023-09-18	2023-10-18	1011	 274,600.00	43,538.12	318,138.12	0.00	318,138.12	0.00	50,902.10	0.00	369,040.22	369,040.22	0.00	0.00	45101	1098	Matrix	LOCAL WAREHOUSE	LDPE	21,576.00	50,902.10	USD	20,000.00	Bill	Paid	17.10
      2029	2023-09-18	2023-10-18	1042	 354,000.00	100,971.72	454,971.72	0.00	454,971.72	0.00	72,795.48	0.00	527,767.20	527,767.20	0.00	0.00	45101	1102	Matrix	LOCAL WAREHOUSE	PVC	30,856.00	72,795.48	USD	20,000.00	Bill	Paid	17.10
      2030	2023-09-19	2023-09-19	1012	 153,615.00	28,870.93	182,485.93	0.00	182,485.93	0.00	29,197.75	0.00	211,683.68	211,683.67	0.00	0.00	45101	1099	Matrix	LOCAL WAREHOUSE	PVC	12,393.15	29,197.75	USD	9,625.00	Bill	Paid	17.08
      2031	2023-09-19	2023-10-19	1022	 14,787.36	6,758.64	21,546.00	0.00	21,546.00	0.00	3,447.36	0.00	24,993.36	24,993.36	0.00	0.00	45102	1103	Matrix	LOCAL WAREHOUSE	HDPE	24,993.36	3,447.36	MXN	1,134.00	Bill	Paid	1.00
      2032	2023-09-20	2023-10-20	1060	 279,400.00	39,231.02	318,631.02	0.00	318,631.02	0.00	50,980.96	0.00	369,611.98	369,611.98	0.00	0.00	45101	1098	Matrix	LOCAL WAREHOUSE	LLDPE	21,576.00	50,980.96	USD	20,000.00	Bill	Paid	17.13
      2033	2023-09-20	2023-09-20	1008	 275,655.00	66,530.73	342,185.73	0.00	342,185.73	0.00	54,749.72	0.00	396,935.45	396,935.45	0.00	0.00	45102	1104	Matrix	LOCAL WAREHOUSE	LDPE	23,171.00	54,749.72	USD	19,975.00	Bill	Paid	17.13
      2034	2023-09-21	2023-10-21	1022	 320,320.00	41,359.59	361,679.59	0.00	361,679.59	0.00	57,868.73	0.00	419,548.32	419,548.32	0.00	0.00	45101	1101	Matrix	LOCAL WAREHOUSE	HDPE	24,563.00	57,868.73	USD	19,250.00	Bill	Paid	17.08
      2035	2023-09-21	2023-10-21	1022	 165,585.00	29,346.21	194,931.21	0.00	194,931.21	0.00	31,188.99	0.00	226,120.20	226,120.20	0.00	0.00	45102	1100	Matrix	LOCAL WAREHOUSE	PP RAFFIA	13,238.50	31,188.99	USD	10,375.00	Bill	Paid	17.08
      2036	2023-09-23	2023-10-23	1003	 419,800.00	-5,800.00	414,000.00	0.00	414,000.00	0.00	66,240.00	0.00	480,240.00	480,240.00	0.00	0.00	45102	1029	Matrix	LOCAL WAREHOUSE	LDPE	26,680.00	66,240.00	USD	20,000.00	Bill	Paid	18.00
      2037	2023-09-23	2023-10-23	1014	 444,097.50	-97,597.50	346,500.00	0.00	346,500.00	0.00	55,440.00	0.00	401,940.00	401,940.00	0.00	0.00	45102	1092	Matrix	LOCAL WAREHOUSE	HDPE	401,940.00	55,440.00	MXN	19,250.00	Bill	Paid	1.00
      2038	2023-09-23	2023-09-23	1002	 288,695.00	4,010.88	292,705.88	0.00	292,705.88	0.00	46,832.94	0.00	339,538.82	339,538.81	0.00	0.00	45102	1105	Matrix	LOCAL WAREHOUSE	PP RAFFIA	19,778.00	46,832.94	USD	5,500.00	Bill	Paid	17.17
      2039	2023-09-27	2023-09-29	1002	 282,000.00	41,143.38	323,143.38	0.00	323,143.38	0.00	51,702.94	0.00	374,846.32	374,846.32	0.00	0.00	45101	1098	Matrix	LOCAL WAREHOUSE	PET	21,576.00	51,702.94	USD	20,000.00	Bill	Paid	17.37
      2040	2023-09-27	2023-11-11	1003	 444,097.50	-99,628.39	344,469.11	0.00	344,469.11	0.00	55,115.06	0.00	399,584.16	399,584.16	0.00	0.00	45101	1107	Matrix	LOCAL WAREHOUSE	LLDPE	22,999.90	55,115.06	USD	19,250.00	Bill	Paid	17.37
      2041	2023-09-28	2023-10-28	1040	 419,800.00	-7,371.12	412,428.88	0.00	412,428.88	0.00	65,988.62	0.00	478,417.50	478,417.50	0.00	0.00	45102	1106	Matrix	LOCAL WAREHOUSE	LLDPE	27,376.00	65,988.62	USD	20,000.00	Bill	Paid	17.48
      2042	2023-09-28	2023-09-28	1014	 276,454.00	72,625.11	349,079.11	0.00	349,079.11	0.00	55,852.66	0.00	404,931.76	404,931.76	0.00	0.00	45102	1108	Store	LOCAL WAREHOUSE	LLDPE	23,171.00	55,852.66	USD	19,975.00	Bill	Paid	17.48
      2043	2023-09-28	2023-10-28	1014	 283,400.00	41,649.88	325,049.88	0.00	325,049.88	0.00	52,007.98	0.00	377,057.86	377,057.86	0.00	0.00	45101	1098	Store	LOCAL WAREHOUSE	LLDPE	21,576.00	52,007.98	USD	20,000.00	Bill	Paid	17.48
      2044	2023-09-29	2023-10-29	1005	 444,097.50	-97,597.50	346,500.00	0.00	346,500.00	0.00	55,440.00	0.00	401,940.00	401,940.00	0.00	0.00	45102	1092	Store	LOCAL WAREHOUSE	LDPE	401,940.00	55,440.00	MXN	19,250.00	Bill	Paid	1.00
      2045	2023-09-29	2023-11-13	1014	 320,320.00	52,772.91	373,092.91	0.00	373,092.91	0.00	59,694.87	0.00	432,787.78	432,787.78	0.00	0.00	45101	1109	Store	LOCAL WAREHOUSE	HDPE	24,563.00	59,694.87	USD	19,250.00	Bill	Paid	17.62
      2046	2023-10-02	2023-11-01	1002	 318,200.00	72,952.90	391,152.90	0.00	391,152.90	0.00	62,584.46	0.00	453,737.36	453,737.36	0.00	0.00	45102	1110	Matrix	LOCAL WAREHOUSE	HDPEHMW 	25,752.00	62,584.46	USD	20,000.00	Bill	Paid	17.62
      2047	2023-10-02	2023-10-02	1023	 78,100.00	16,869.11	94,969.11	0.00	94,969.11	0.00	15,195.06	0.00	110,164.16	110,164.16	0.00	0.00	45101	1111	Matrix	NATIONAL WAREHOUSE	LDPE	6,252.40	15,195.06	USD	5,500.00	Bill	Paid	17.62
      2048	2023-10-03	2023-11-02	1005	 485,170.00	-126,468.38	358,701.62	0.00	358,701.62	0.00	57,392.26	0.00	416,093.88	416,093.88	0.00	0.00	45102	1112	Matrix	LOCAL WAREHOUSE	LDPE	23,896.00	57,392.26	USD	20,000.00	Bill	Paid	17.41
      2049	2023-10-03	2023-10-03	1002	 78,100.00	15,754.45	93,854.45	0.00	93,854.45	0.00	15,016.71	0.00	108,871.17	108,871.16	0.00	0.00	45101	1113	Store	LOCAL WAREHOUSE	LLDPE	6,252.40	15,016.71	USD	5,500.00	Bill	Paid	17.41
      2050	2023-10-04	2023-11-03	1023	 419,800.00	-7,371.12	412,428.88	0.00	412,428.88	0.00	65,988.62	0.00	478,417.50	478,417.50	0.00	0.00	45102	1106	Matrix	LOCAL WAREHOUSE	LDPE	27,376.00	65,988.62	USD	20,000.00	Bill	Paid	17.48
      2051	2023-10-04	2023-11-03	1014	 324,000.00	84,134.40	408,134.40	0.00	408,134.40	0.00	65,301.50	0.00	473,435.90	473,435.90	0.00	0.00	45102	1114	Matrix	LOCAL WAREHOUSE	HDPE	26,912.00	65,301.50	USD	20,000.00	Bill	Paid	17.59
      2052	2023-10-04	2023-11-03	1002	 284,400.00	42,811.20	327,211.20	0.00	327,211.20	0.00	52,353.79	0.00	379,564.99	379,564.99	0.00	0.00	45101	1098	Store	LOCAL WAREHOUSE	PVC	21,576.00	52,353.79	USD	20,000.00	Bill	Paid	17.59
      2053	2023-10-06	2023-10-06	1010	 78,210.00	18,901.63	97,111.63	0.00	97,111.63	0.00	15,537.86	0.00	112,649.49	112,649.49	0.00	0.00	45101	1115	Matrix	LOCAL WAREHOUSE	HDPE	6,252.40	15,537.86	USD	5,500.00	Bill	Paid	18.02
      2054	2023-10-08	2023-11-07	1010	 444,097.50	-57,850.68	386,246.82	0.00	386,246.82	0.00	61,799.49	0.00	448,046.31	0.00	0.00	448,046.31	45102	1118	Matrix	LOCAL WAREHOUSE	LLDPE	24,563.00	61,799.49	USD	19,250.00	Bill	Active	18.24
      2055	2023-10-09	2023-11-08	1005	 282,600.00	49,380.74	331,980.74	0.00	331,980.74	0.00	53,116.92	0.00	385,097.66	385,097.66	0.00	0.00	45101	1116	Matrix	LOCAL WAREHOUSE	LDPE	21,112.00	53,116.92	USD	20,000.00	Bill	Paid	18.24
      2056	2023-10-09	2023-11-08	1010	 281,600.00	50,380.74	331,980.74	0.00	331,980.74	0.00	53,116.92	0.00	385,097.66	385,097.66	0.00	0.00	45101	1116	Matrix	LOCAL WAREHOUSE	HDPE	21,112.00	53,116.92	USD	20,000.00	Bill	Paid	18.24
      2057	2023-10-09	2023-11-08	1035	 332,000.00	87,536.10	419,536.10	0.00	419,536.10	0.00	67,125.78	0.00	486,661.88	486,661.88	0.00	0.00	45101	1117	Matrix	LOCAL WAREHOUSE	PP RAFFIA	26,680.00	67,125.78	USD	20,000.00	Bill	Paid	18.24
      1054	2023-10-12	2023-10-12	1023	 35,351.25	-3,726.25	31,625.00	0.00	31,625.00	0.00	5,060.00	0.00	36,685.00	0.00	0.00	36,685.00	45101	1119	Matrix	LOCAL WAREHOUSE	LDPE	36,685.00	5,060.00	MXN	1,375.00	Remission	Active	1.00
      2058	2023-10-12	2023-10-27	1002	 281,000.00	75,235.66	356,235.66	0.00	356,235.66	0.00	56,997.71	0.00	413,233.37	413,233.36	0.00	0.00	45101	1120	Matrix	LOCAL WAREHOUSE	HDPE	22,968.00	56,997.71	USD	20,000.00	Bill	Paid	17.99
      2059	2023-10-13	2023-11-27	1002	 463,600.00	-53,234.00	410,366.00	0.00	410,366.00	0.00	65,658.56	0.00	476,024.56	476,024.56	0.00	0.00	45102	1121	Store	LOCAL WAREHOUSE	PP RAFFIA	26,680.00	65,658.56	USD	20,000.00	Bill	Paid	17.84
      2060	2023-10-13	2023-11-12	1006	 280,600.00	44,124.40	324,724.40	0.00	324,724.40	0.00	51,955.90	0.00	376,680.30	376,680.31	0.00	0.00	45101	1116	Store	LOCAL WAREHOUSE	PET	21,112.00	51,955.90	USD	20,000.00	Bill	Paid	17.84
      2061	2023-10-13	2023-10-13	1003	 49,105.00	12,093.06	61,198.06	0.00	61,198.06	0.00	9,791.69	0.00	70,989.75	70,989.75	0.00	0.00	45101	1122	Store	LOCAL WAREHOUSE	LLDPE	3,978.80	9,791.69	USD	3,500.00	Bill	Paid	17.84
      1055 (      2070)	2023-10-16	2023-10-16	1012	 63,442.50	-9,747.68	53,694.82	0.00	53,694.82	0.00	8,591.17	0.00	62,285.99	0.00	0.00	62,285.99	45102		Store	LOCAL WAREHOUSE	LLDPE	3,477.10	8,591.17	USD	2,750.00	Remission	Active	17.91
      2062	2023-10-16	2023-11-15	1022	 280,400.00	45,620.24	326,020.24	0.00	326,020.24	0.00	52,163.24	0.00	378,183.48	0.00	0.00	378,183.48	45101	1116	Store	LOCAL WAREHOUSE	LLDPE	21,112.00	52,163.24	USD	20,000.00	Bill	Active	17.91
      2063	2023-10-16	2023-11-15	1022	 332,000.00	80,003.60	412,003.60	0.00	412,003.60	0.00	65,920.58	0.00	477,924.18	477,924.18	0.00	0.00	45101	1117	Store	LOCAL WAREHOUSE	LLDPE	26,680.00	65,920.58	USD	20,000.00	Bill	Paid	17.91
      2064	2023-10-17	2023-12-01	1022	 444,097.50	-86,484.74	357,612.76	0.00	357,612.76	0.00	57,218.04	0.00	414,830.80	414,830.79	0.00	0.00	45101	1124	Store	LOCAL WAREHOUSE	LDPE	22,999.90	57,218.04	USD	19,250.00	Bill	Paid	18.04
      2065	2023-10-17	2023-11-16	1010	 485,170.00	-99,195.32	385,974.68	0.00	385,974.68	0.00	61,755.95	0.00	447,730.63	447,730.63	4,184.40	-4,184.40	45102	1126	Store	NATIONAL WAREHOUSE	HDPE	24,824.00	61,755.95	USD	20,000.00	Bill	Paid	18.04
      2066	2023-10-18	2023-12-02	1014	 337,837.50	44,079.04	381,916.54	0.00	381,916.54	0.00	61,106.65	0.00	443,023.18	443,023.18	0.00	0.00	45101	1125	Store	LOCAL WAREHOUSE	HDPEHMW 	24,563.00	61,106.65	USD	19,250.00	Bill	Paid	18.04
      2067	2023-10-18	2023-11-17	1007	 375,800.00	118,391.88	494,191.88	0.00	494,191.88	0.00	79,070.70	0.00	573,262.58	573,262.58	0.00	0.00	45101	1127	Store	LOCAL WAREHOUSE	LDPE	31,784.00	79,070.70	USD	20,000.00	Bill	Paid	18.04
      2068	2023-10-19	2023-11-18	1002	 325,600.00	71,995.34	397,595.34	0.00	397,595.34	0.00	63,615.25	0.00	461,210.59	461,210.59	0.00	0.00	45102	1123	Store	LOCAL WAREHOUSE	LDPE	25,752.00	63,615.25	USD	20,000.00	Bill	Paid	17.91
      2069	2023-10-20	2023-11-19	1004	 280,400.00	51,640.80	332,040.80	0.00	332,040.80	0.00	53,126.53	0.00	385,167.33	0.00	0.00	385,167.33	45101	1116	Store	LOCAL WAREHOUSE	LLDPE	21,112.00	53,126.53	USD	20,000.00	Bill	Active	18.24
      2071	2023-10-20	2023-11-19	1003	 444,097.50	-78,347.50	365,750.00	0.00	365,750.00	0.00	58,520.00	0.00	424,270.00	424,270.00	0.00	0.00	45102	1128	Store	LOCAL WAREHOUSE	LDPE	424,270.00	58,520.00	MXN	19,250.00	Bill	Paid	1.00
      2072	2023-10-23	2023-10-23	1023	 52,537.50	14,668.33	67,205.83	0.00	67,205.83	0.00	10,752.93	0.00	77,958.76	77,958.76	0.00	0.00	45101	1129	Matrix	LOCAL WAREHOUSE	HDPE	4,263.00	10,752.93	USD	3,750.00	Bill	Paid	18.29
      2073	2023-10-23	2023-11-22	1035	 227,662.50	42,760.95	270,423.45	0.00	270,423.45	0.00	43,267.75	0.00	313,691.20	0.00	0.00	313,691.20	45101	1116	Matrix	LOCAL WAREHOUSE	HDPEHMW 	17,153.50	43,267.75	USD	16,250.00	Bill	Active	18.29
      2074	2023-10-23	2023-11-22	1006	 463,600.00	-42,992.10	420,607.90	0.00	420,607.90	0.00	67,297.26	0.00	487,905.16	487,905.16	0.00	0.00	45102	1130	Matrix	LOCAL WAREHOUSE	LDPE	26,680.00	67,297.26	USD	20,000.00	Bill	Paid	18.29
      2075	2023-10-25	2023-11-24	1014	 380,655.00	-54,734.43	325,920.57	0.00	325,920.57	0.00	52,147.29	0.00	378,067.86	0.00	0.00	378,067.86	45102	1131	Matrix	LOCAL WAREHOUSE	LDPE	20,862.60	52,147.29	USD	16,500.00	Bill	Active	18.12
      2076	2023-10-25	2023-11-24	1010	 444,097.50	-78,347.50	365,750.00	0.00	365,750.00	0.00	58,520.00	0.00	424,270.00	424,270.00	0.00	0.00	45102	1128	Store	LOCAL WAREHOUSE	PVC	424,270.00	58,520.00	MXN	19,250.00	Bill	Paid	1.00
      2077	2023-10-25	2023-12-09	1060	 337,837.50	45,891.62	383,729.12	0.00	383,729.12	0.00	61,396.66	0.00	445,125.77	445,125.78	0.00	0.00	45101	1125	Store	LOCAL WAREHOUSE	PVC	24,563.00	61,396.66	USD	19,250.00	Bill	Paid	18.12
      2078	2023-10-26	2023-10-26	1022	 271,373.40	80,780.29	352,153.69	0.00	352,153.69	0.00	56,344.59	0.00	408,498.28	408,498.28	0.00	0.00	45102	1132	Store	LOCAL WAREHOUSE	HDPE	22,341.60	56,344.59	USD	19,260.00	Bill	Paid	18.28
      2079	2023-10-30	2023-11-29	1002	 442,367.25	-78,042.25	364,325.00	0.00	364,325.00	0.00	58,292.00	0.00	422,617.00	422,617.00	0.00	0.00	45102	1128	Store	LOCAL WAREHOUSE	LLDPE	422,617.00	58,292.00	MXN	19,175.00	Bill	Paid	1.00
      2080	2023-10-30	2023-11-29	1022	 337,837.50	37,403.64	375,241.14	0.00	375,241.14	0.00	60,038.58	0.00	435,279.72	435,279.72	4,226.53	-4,226.53	45102	1133	Store	LOCAL WAREHOUSE	LDPE	23,893.10	60,038.58	USD	19,250.00	Bill	Paid	18.22
      2081	2023-10-30	2023-11-29	1022	 280,200.00	51,363.96	331,563.96	0.00	331,563.96	0.00	53,050.23	0.00	384,614.19	0.00	0.00	384,614.19	45101	1116	Store	LOCAL WAREHOUSE	HDPE	21,112.00	53,050.23	USD	20,000.00	Bill	Active	18.22
      2082	2023-11-02	2023-12-02	1022	 463,600.00	16,902.40	480,502.40	0.00	480,502.40	0.00	76,880.38	0.00	557,382.78	557,382.79	0.00	0.00	45102	1134	Matrix	LOCAL WAREHOUSE	PP RAFFIA	30,856.00	76,880.38	USD	20,000.00	Bill	Paid	18.06
      2083	2023-11-02	2023-12-02	1022	 326,000.00	74,416.96	400,416.96	0.00	400,416.96	0.00	64,066.71	0.00	464,483.67	0.00	0.00	464,483.67	45102	1135	Matrix	LOCAL WAREHOUSE	LLDPE	25,752.00	64,066.71	USD	20,000.00	Bill	Active	18.04
      2084	2023-11-06	2023-11-06	1024	 270,764.95	73,679.96	344,444.91	0.00	344,444.91	0.00	55,111.18	0.00	399,556.09	399,556.09	0.00	0.00	45102	1136	Matrix	LOCAL WAREHOUSE	HDPEHMW 	22,283.60	55,111.18	USD	19,210.00	Bill	Paid	17.93
      2085	2023-11-07	2023-12-22	1014	 337,856.75	44,243.01	382,099.76	0.00	382,099.76	0.00	61,135.96	0.00	443,235.72	0.00	0.00	443,235.72	45101	1137	Matrix	LOCAL WAREHOUSE	LDPE	25,456.20	61,135.96	USD	19,250.00	Bill	Active	17.41
      2086	2023-11-07	2023-12-07	1002	 375,780.00	101,300.58	477,080.58	0.00	477,080.58	0.00	76,332.89	0.00	553,413.47	553,413.47	0.00	0.00	45101	1127	Matrix	LOCAL WAREHOUSE	LDPE	31,784.00	76,332.89	USD	20,000.00	Bill	Paid	17.41
      2087	2023-11-08	2023-11-08	1002	 443,874.20	135,027.88	578,902.08	0.00	578,902.08	0.00	92,624.33	0.00	671,526.41	0.00	0.00	671,526.41	45102	1139	Matrix	LOCAL WAREHOUSE	PVC	38,305.52	92,624.33	USD	20,900.00	Bill	Active	17.53
      2088	2023-11-08	2023-12-08	1002	 347,943.75	33,206.25	381,150.00	0.00	381,150.00	0.00	60,984.00	0.00	442,134.00	442,134.00	0.00	0.00	45102	1138	Matrix	LOCAL WAREHOUSE	LDPE	442,134.00	60,984.00	MXN	19,250.00	Bill	Paid	1.00
      2089	2023-11-09	2023-11-09	1024	 274,167.20	66,396.47	340,563.67	0.00	340,563.67	0.00	54,490.19	0.00	395,053.85	395,053.86	0.00	0.00	45102	1140	Store	LOCAL WAREHOUSE	LLDPE	22,562.00	54,490.19	USD	19,450.00	Bill	Paid	17.51
      2090	2023-11-10	2023-11-10	1010	 282,810.00	-22,909.76	259,900.25	0.00	259,900.25	0.00	41,584.04	0.00	301,484.28	0.00	0.00	301,484.28	45102	1141	Matrix	LOCAL WAREHOUSE	LDPE	17,226.00	41,584.04	USD	11,000.00	Bill	Active	17.50
      2091	2023-11-14	2023-12-14	1010	 444,097.50	-78,347.50	365,750.00	0.00	365,750.00	0.00	58,520.00	0.00	424,270.00	424,270.00	0.00	0.00	45102	1142	Matrix	LOCAL WAREHOUSE	HDPE	424,270.00	58,520.00	MXN	19,250.00	Bill	Paid	1.00
      2092	2023-11-14	2023-12-14	1002	 444,097.50	-88,782.54	355,314.96	0.00	355,314.96	0.00	56,850.39	0.00	412,165.35	412,165.36	0.00	0.00	45102	1143	Matrix	LOCAL WAREHOUSE	PP RAFFIA	23,223.20	56,850.39	USD	19,250.00	Bill	Paid	17.75
      2093	2023-11-16	2023-11-16	1034	 157,243.63	26,891.00	184,134.62	0.00	184,134.62	0.00	29,461.54	0.00	213,596.16	213,596.16	0.00	0.00	45101	1145	Matrix	LOCAL WAREHOUSE	PET	12,281.50	29,461.54	USD	9,625.00	Bill	Paid	17.39
      2094	2023-11-18	2023-12-18	1003	 478,800.00	10,151.34	488,951.34	0.00	488,951.34	0.00	78,232.21	0.00	567,183.55	567,183.55	0.00	0.00	45102	1144	Store	LOCAL WAREHOUSE	LLDPE	32,712.00	78,232.21	USD	20,000.00	Bill	Paid	17.34
      2095	2023-11-21	2023-12-21	1007	 167,628.50	28,870.03	196,498.53	0.00	196,498.53	0.00	31,439.76	0.00	227,938.29	0.00	0.00	227,938.29	45102	1146	Matrix	LOCAL WAREHOUSE	LLDPE	13,197.90	31,439.76	USD	10,250.00	Bill	Active	17.27
      2096	2023-11-21	2023-12-21	1025	 418,460.00	68,576.56	487,036.56	0.00	487,036.56	0.00	77,925.85	0.00	564,962.41	564,962.41	0.00	0.00	45102	1148	Matrix	LOCAL WAREHOUSE	LLDPE	32,712.00	77,925.85	USD	20,000.00	Bill	Paid	17.27
      2097	2023-11-21	2023-12-21	1022	 478,800.00	8,236.56	487,036.56	0.00	487,036.56	0.00	77,925.85	0.00	564,962.41	564,962.41	0.00	0.00	45102	1147	Matrix	LOCAL WAREHOUSE	LDPE	32,712.00	77,925.85	USD	20,000.00	Bill	Paid	17.27
      2098	2023-11-22	2023-12-22	1022	 478,800.00	6,733.50	485,533.50	0.00	485,533.50	0.00	77,685.36	0.00	563,218.86	0.00	0.00	563,218.86	45102	1149	Store	LOCAL WAREHOUSE	HDPE	32,712.00	77,685.36	USD	20,000.00	Bill	Active	17.22
      2099	2023-11-23	2023-12-08	1022	 8,100.00	-1,800.00	6,300.00	0.00	6,300.00	0.00	1,008.00	0.00	7,308.00	7,308.00	0.00	0.00	45101	1151	Matrix	NATIONAL WAREHOUSE	HDPEHMW 	7,308.00	1,008.00	MXN	300.00	Bill	Paid	1.00
      2100	2023-11-24	2023-12-24	1010	 327,260.00	51,432.60	378,692.60	0.00	378,692.60	0.00	60,590.82	0.00	439,283.42	0.00	0.00	439,283.42	45102	1150	Matrix	LOCAL WAREHOUSE	LDPE	25,520.00	60,590.82	USD	20,000.00	Bill	Active	17.21
      2101	2023-11-25	2023-12-25	1060	 444,097.50	-78,347.50	365,750.00	0.00	365,750.00	0.00	58,520.00	0.00	424,270.00	424,270.00	0.00	0.00	45102	1142	Matrix	LOCAL WAREHOUSE	LDPE	424,270.00	58,520.00	MXN	19,250.00	Bill	Paid	1.00
      2102	2023-11-25	2023-12-25	1004	 341,220.00	71,068.80	412,288.80	0.00	412,288.80	0.00	65,966.21	0.00	478,255.01	0.00	0.00	478,255.01	45101	1152	Matrix	LOCAL WAREHOUSE	LDPE	27,840.00	65,966.21	USD	20,000.00	Bill	Active	17.18
      2103	2023-11-27	2023-12-27	1002	 478,800.00	5,639.34	484,439.34	0.00	484,439.34	0.00	77,510.29	0.00	561,949.63	561,949.63	0.00	0.00	45102	1153	Matrix	LOCAL WAREHOUSE	PVC	32,712.00	77,510.29	USD	20,000.00	Bill	Paid	17.18
      2104	2023-11-28	2023-12-28	1002	 341,220.00	69,823.20	411,043.20	0.00	411,043.20	0.00	65,766.91	0.00	476,810.11	0.00	0.00	476,810.11	45101	1154	Matrix	LOCAL WAREHOUSE	LDPE	27,840.00	65,766.91	USD	20,000.00	Bill	Active	17.13
      2105	2023-11-28	2023-12-28	1005	 341,220.00	69,823.20	411,043.20	0.00	411,043.20	0.00	65,766.91	0.00	476,810.11	0.00	0.00	476,810.11	45101	1154	Matrix	LOCAL WAREHOUSE	HDPE	27,840.00	65,766.91	USD	20,000.00	Bill	Active	17.13
      2106	2023-11-28	2023-12-28	1014	 341,220.00	69,823.20	411,043.20	0.00	411,043.20	0.00	65,766.91	0.00	476,810.11	0.00	0.00	476,810.11	45101	1154	Matrix	LOCAL WAREHOUSE	HDPEHMW 	27,840.00	65,766.91	USD	20,000.00	Bill	Active	17.13
      2107	2023-11-29	2024-01-13	1006	 371,736.75	4,740.70	376,477.45	0.00	376,477.45	0.00	60,236.39	0.00	436,713.84	0.00	0.00	436,713.84	45101	1156	Matrix	LOCAL WAREHOUSE	LDPE	25,456.20	60,236.39	USD	19,250.00	Bill	Active	17.16
      2108	2023-11-29	2023-12-29	1023	 327,320.00	53,532.10	380,852.10	0.00	380,852.10	0.00	60,936.34	0.00	441,788.44	441,788.44	0.00	0.00	45102	1155	Matrix	LOCAL WAREHOUSE	LDPE	25,752.00	60,936.34	USD	20,000.00	Bill	Paid	17.16
      2109	2023-11-29	2023-12-29	1012	 2,045.75	350.57	2,396.32	0.00	2,396.32	0.00	383.41	0.00	2,779.74	0.00	0.00	2,779.74	45102	1146	Matrix	LOCAL WAREHOUSE	LLDPE	160.95	383.41	USD	125.00	Bill	Active	17.27
      2110	2023-11-30	2023-12-30	1002	 444,097.50	-78,347.50	365,750.00	0.00	365,750.00	0.00	58,520.00	0.00	424,270.00	424,270.00	0.00	0.00	45102	1142	Matrix	LOCAL WAREHOUSE	LDPE	424,270.00	58,520.00	MXN	19,250.00	Bill	Paid	1.00
      2111	2023-12-04	2023-12-04	1001	 260,993.35	54,800.01	315,793.36	0.00	315,793.36	0.00	50,526.94	0.00	366,320.30	364,486.41	1,833.89	0.00	45102	1157	Matrix	LOCAL WAREHOUSE	HDPE	21,085.61	50,526.94	USD	19,975.00	Bill	Paid	17.37
      2112	2023-12-04	2024-01-03	1015	 418,460.00	71,458.60	489,918.60	0.00	489,918.60	0.00	78,386.98	0.00	568,305.58	0.00	0.00	568,305.58	45102	1159	Matrix	LOCAL WAREHOUSE	PP RAFFIA	32,712.00	78,386.98	USD	20,000.00	Bill	Active	17.37
      2113	2023-12-04	2024-01-03	1024	 371,736.75	22,890.95	394,627.70	0.00	394,627.70	0.00	63,140.43	0.00	457,768.13	0.00	0.00	457,768.13	45102	1158	Matrix	LOCAL WAREHOUSE	PET	26,349.40	63,140.43	USD	19,250.00	Bill	Active	17.37
      2114	2023-12-06	2023-12-21	1024	 70,702.50	-6,077.50	64,625.00	0.00	64,625.00	0.00	10,340.00	0.00	74,965.00	0.00	0.00	74,965.00	45101	1160	Matrix	LOCAL WAREHOUSE	LLDPE	74,965.00	10,340.00	MXN	2,750.00	Bill	Active	1.00
      2115	2023-12-08	2024-01-07	1004	 308,308.00	57,442.00	365,750.00	0.00	365,750.00	0.00	58,520.00	0.00	424,270.00	424,270.00	0.00	0.00	45102	1163	Matrix	LOCAL WAREHOUSE	LLDPE	424,270.00	58,520.00	MXN	19,250.00	Bill	Paid	1.00
      2116	2023-12-08	2024-01-07	1003	 418,460.00	68,511.70	486,971.70	0.00	486,971.70	0.00	77,915.47	0.00	564,887.17	0.00	0.00	564,887.17	45102	1164	Matrix	LOCAL WAREHOUSE	LLDPE	32,712.00	77,915.47	USD	20,000.00	Bill	Active	17.27
      2117	2023-12-11	2024-01-10	1024	 444,097.50	-87,972.50	356,125.00	0.00	356,125.00	0.00	56,980.00	0.00	413,105.00	413,105.00	0.00	0.00	45102	1165	Matrix	LOCAL WAREHOUSE	LLDPE	413,105.00	56,980.00	MXN	19,250.00	Bill	Paid	1.00
      2118	2023-12-11	2024-01-10	1002	 327,340.00	55,893.40	383,233.40	0.00	383,233.40	0.00	61,317.34	0.00	444,550.74	0.00	0.00	444,550.74	45102	1161	Matrix	LOCAL WAREHOUSE	LDPE	25,520.00	61,317.34	USD	20,000.00	Bill	Active	17.42
      2119	2023-12-11	2024-01-10	1002	 35,351.25	-3,038.75	32,312.50	0.00	32,312.50	0.00	5,170.00	0.00	37,482.50	0.00	0.00	37,482.50	45101	1166	Store	LOCAL WAREHOUSE	HDPE	37,482.50	5,170.00	MXN	1,375.00	Bill	Active	1.00
      2120	2023-12-11	2024-01-10	1060	 12,012.00	2,238.00	14,250.00	0.00	14,250.00	0.00	2,280.00	0.00	16,530.00	16,530.00	0.00	0.00	45102	1163	Store	LOCAL WAREHOUSE	HDPEHMW 	16,530.00	2,280.00	MXN	750.00	Bill	Paid	1.00
      2121	2023-12-12	2024-01-11	1003	 317,586.50	33,480.37	351,066.87	0.00	351,066.87	0.00	56,170.70	0.00	407,237.57	0.00	0.00	407,237.57	45102	1162	Store	LOCAL WAREHOUSE	LDPE	23,446.50	56,170.70	USD	19,250.00	Bill	Active	17.37
      2122	2023-12-12	2024-01-11	1060	 317,586.50	33,480.37	351,066.87	0.00	351,066.87	0.00	56,170.70	0.00	407,237.57	0.00	0.00	407,237.57	45102	1162	Store	LOCAL WAREHOUSE	LDPE	23,446.50	56,170.70	USD	19,250.00	Bill	Active	17.37
      2123	2023-12-12	2024-01-11	1060	 317,586.50	33,480.37	351,066.87	0.00	351,066.87	0.00	56,170.70	0.00	407,237.57	0.00	0.00	407,237.57	45102	1162	Store	LOCAL WAREHOUSE	PVC	23,446.50	56,170.70	USD	19,250.00	Bill	Active	17.37
      2124	2023-12-12	2024-01-11	1023	 317,586.50	33,480.37	351,066.87	0.00	351,066.87	0.00	56,170.70	0.00	407,237.57	0.00	0.00	407,237.57	45102	1162	Store	LOCAL WAREHOUSE	PVC	23,446.50	56,170.70	USD	19,250.00	Bill	Active	17.37
      2125	2023-12-12	2024-01-11	1060	 444,097.50	-113,091.59	331,005.91	0.00	331,005.91	0.00	52,960.94	0.00	383,966.85	383,966.85	0.00	0.00	45102	1167	Store	LOCAL WAREHOUSE	HDPE	22,106.70	52,960.94	USD	19,250.00	Bill	Paid	17.37
      2126	2023-12-12	2024-01-11	1022	 444,097.50	-113,091.59	331,005.91	0.00	331,005.91	0.00	52,960.94	0.00	383,966.85	383,966.85	0.00	0.00	45102	1167	Store	LOCAL WAREHOUSE	LLDPE	22,106.70	52,960.94	USD	19,250.00	Bill	Paid	17.37
      2127	2023-12-12	2024-01-11	1022	 444,097.50	-113,091.59	331,005.91	0.00	331,005.91	0.00	52,960.94	0.00	383,966.85	383,966.85	0.00	0.00	45102	1167	Matrix	LOCAL WAREHOUSE	LDPE	22,106.70	52,960.94	USD	19,250.00	Bill	Paid	17.37
      2128	2023-12-12	2024-01-11	1022	 444,097.50	-113,091.59	331,005.91	0.00	331,005.91	0.00	52,960.94	0.00	383,966.85	383,966.85	0.00	0.00	45102	1167	Matrix	LOCAL WAREHOUSE	HDPE	22,106.70	52,960.94	USD	19,250.00	Bill	Paid	17.37
      2129	2023-12-13	2024-01-12	1034	 280,160.00	56,794.72	336,954.72	0.00	336,954.72	0.00	53,912.76	0.00	390,867.48	0.00	0.00	390,867.48	45101	1170	Matrix	LOCAL WAREHOUSE	PP RAFFIA	22,504.00	53,912.76	USD	20,000.00	Bill	Active	17.37
      2130	2023-12-14	2024-01-13	1002	 478,800.00	11,000.16	489,800.16	0.00	489,800.16	0.00	78,368.03	0.00	568,168.19	0.00	0.00	568,168.19	45102	1169	Store	LOCAL WAREHOUSE	LLDPE	32,712.00	78,368.03	USD	20,000.00	Bill	Active	17.37
      2131	2023-12-14	2024-01-13	1023	 318,720.00	61,280.00	380,000.00	0.00	380,000.00	0.00	60,800.00	0.00	440,800.00	440,800.00	0.00	0.00	45102	1163	Matrix	LOCAL WAREHOUSE	HDPEHMW 	440,800.00	60,800.00	MXN	20,000.00	Bill	Paid	1.00
      2132	2023-12-14	2024-01-13	1040	 295,988.08	64,536.11	360,524.18	0.00	360,524.18	0.00	57,683.87	0.00	418,208.05	0.00	0.00	418,208.05	45102	1168	Matrix	LOCAL WAREHOUSE	LDPE	24,078.12	57,683.87	USD	18,700.00	Bill	Active	17.37
      2133	2023-12-18	2024-01-17	1005	 478,800.00	9,031.80	487,831.80	0.00	487,831.80	0.00	78,053.09	0.00	565,884.89	0.00	0.00	565,884.89	45102	1169	Matrix	LOCAL WAREHOUSE	LDPE	32,712.00	78,053.09	USD	20,000.00	Bill	Active	17.30
      2134	2023-12-18	2024-01-17	1034	 326,520.00	57,517.80	384,037.80	0.00	384,037.80	0.00	61,446.05	0.00	445,483.85	0.00	0.00	445,483.85	45102	1171	Store	LOCAL WAREHOUSE	PVC	25,752.00	61,446.05	USD	20,000.00	Bill	Active	17.30
      2135	2023-12-18	2024-01-17	1006	 478,800.00	9,031.80	487,831.80	0.00	487,831.80	0.00	78,053.09	0.00	565,884.89	0.00	0.00	565,884.89	45102	1169	Matrix	LOCAL WAREHOUSE	LDPE	32,712.00	78,053.09	USD	20,000.00	Bill	Active	17.30
      2136	2023-12-19	2024-01-18	1024	 35,351.25	-3,038.75	32,312.50	0.00	32,312.50	0.00	5,170.00	0.00	37,482.50	0.00	0.00	37,482.50	45101	1172	Matrix	LOCAL WAREHOUSE	LLDPE	37,482.50	5,170.00	MXN	1,375.00	Bill	Active	1.00
      2137	2023-12-19	2023-12-19	1010	 442,944.00	-87,744.00	355,200.00	0.00	355,200.00	0.00	56,832.00	0.00	412,032.00	412,032.00	0.00	0.00	45102	1165	Matrix	LOCAL WAREHOUSE	LDPE	412,032.00	56,832.00	MXN	19,200.00	Bill	Paid	1.00
      2138	2023-12-20	2024-01-19	1009	 444,097.50	-87,972.50	356,125.00	0.00	356,125.00	0.00	56,980.00	0.00	413,105.00	0.00	0.00	413,105.00	45102	1165	Matrix	LOCAL WAREHOUSE	HDPE	413,105.00	56,980.00	MXN	19,250.00	Bill	Active	1.00
      2139	2023-12-20	2024-01-04	1040	 70,702.50	-6,077.50	64,625.00	0.00	64,625.00	0.00	10,340.00	0.00	74,965.00	0.00	0.00	74,965.00	45101	1174	Store	LOCAL WAREHOUSE	PP RAFFIA	74,965.00	10,340.00	MXN	2,750.00	Bill	Active	1.00
      2140	2023-12-21	2023-12-21	1002	 264,109.45	46,088.96	310,198.41	0.00	310,198.41	0.00	49,631.75	0.00	359,830.15	0.00	0.00	359,830.15	45102	1173	Matrix	LOCAL WAREHOUSE	PET	21,085.61	49,631.75	USD	19,975.00	Bill	Active	17.07
      2141	2023-12-21	2024-01-20	1002	 478,800.00	2,438.64	481,238.64	0.00	481,238.64	0.00	76,998.18	0.00	558,236.82	0.00	0.00	558,236.82	45102	1169	Matrix	LOCAL WAREHOUSE	LLDPE	32,712.00	76,998.18	USD	20,000.00	Bill	Active	17.07
      2142	2023-12-21	2024-01-20	1023	 444,097.50	-87,972.50	356,125.00	0.00	356,125.00	0.00	56,980.00	0.00	413,105.00	0.00	0.00	413,105.00	45102	1165	Matrix	LOCAL WAREHOUSE	LLDPE	413,105.00	56,980.00	MXN	19,250.00	Bill	Active	1.00
      2143	2023-12-21	2024-01-20	1034	 309,369.60	28,111.80	337,481.40	0.00	337,481.40	0.00	53,997.02	0.00	391,478.42	0.00	0.00	391,478.42	45102	1175	Matrix	LOCAL WAREHOUSE	LLDPE	22,940.16	53,997.02	USD	19,200.00	Bill	Active	17.07
      2144	2023-12-21	2024-01-20	1012	 309,617.00	59,983.00	369,600.00	0.00	369,600.00	0.00	59,136.00	0.00	428,736.00	0.00	0.00	428,736.00	45102	1177	Matrix	LOCAL WAREHOUSE	LDPE	428,736.00	59,136.00	MXN	19,250.00	Bill	Active	1.00
      2145	2023-12-22	2023-12-22	1003	 160,130.00	27,610.30	187,740.30	0.00	187,740.30	0.00	30,038.45	0.00	217,778.75	0.00	0.00	217,778.75	45101	1176	Store	LOCAL WAREHOUSE	HDPE	12,760.00	30,038.45	USD	10,000.00	Bill	Active	17.07
      2146	2023-12-22	2024-01-21	1028	 148,120.25	25,539.53	173,659.78	0.00	173,659.78	0.00	27,785.56	0.00	201,445.34	0.00	0.00	201,445.34	45101	1176	Store	LOCAL WAREHOUSE	HDPEHMW 	11,803.00	27,785.56	USD	9,250.00	Bill	Active	17.07
      2147	2023-12-22	2024-01-21	1010	 325,960.00	66,587.90	392,547.90	0.00	392,547.90	0.00	62,807.66	0.00	455,355.56	0.00	0.00	455,355.56	45102	1178	Store	LOCAL WAREHOUSE	LDPE	26,680.00	62,807.66	USD	20,000.00	Bill	Active	17.07
      2148	2023-12-26	2024-02-09	1060	 444,097.50	-109,144.04	334,953.47	0.00	334,953.47	0.00	53,592.55	0.00	388,546.02	0.00	0.00	388,546.02	45101	1179	Store	LOCAL WAREHOUSE	LDPE	22,776.60	53,592.55	USD	19,250.00	Bill	Active	17.06